{

	"metadata" :
	{
		"formatVersion" : 3.1,
		"generatedBy"   : "Blender 2.66 Exporter",
		"vertices"      : 32,
		"faces"         : 16,
		"normals"       : 6,
		"colors"        : 0,
		"uvs"           : [5,4,4,5],
		"materials"     : 3,
		"morphTargets"  : 0,
		"bones"         : 0
	},

	"scale" : 1.000000,

	"materials" : [	{
		"DbgColor" : 15658734,
		"DbgIndex" : 0,
		"DbgName" : "material_23",
		"blending" : "NormalBlending",
		"colorAmbient" : [0.6400000190734865, 0.6400000190734865, 0.6400000190734865],
		"colorDiffuse" : [0.6400000190734865, 0.6400000190734865, 0.6400000190734865],
		"colorSpecular" : [0.5, 0.5, 0.5],
		"depthTest" : true,
		"depthWrite" : true,
		"shading" : "Lambert",
		"specularCoef" : 50,
		"transparency" : 1.0,
		"transparent" : false,
		"vertexColors" : false
	},

	{
		"DbgColor" : 15597568,
		"DbgIndex" : 1,
		"DbgName" : "material_15",
		"blending" : "NormalBlending",
		"colorAmbient" : [0.6400000190734865, 0.6400000190734865, 0.6400000190734865],
		"colorDiffuse" : [0.6400000190734865, 0.6400000190734865, 0.6400000190734865],
		"colorSpecular" : [0.5, 0.5, 0.5],
		"depthTest" : true,
		"depthWrite" : true,
		"shading" : "Lambert",
		"specularCoef" : 50,
		"transparency" : 1.0,
		"transparent" : false,
		"vertexColors" : false
	},

	{
		"DbgColor" : 60928,
		"DbgIndex" : 2,
		"DbgName" : "material_1.001",
		"blending" : "NormalBlending",
		"colorAmbient" : [0.800000011920929, 0.800000011920929, 0.800000011920929],
		"colorDiffuse" : [0.800000011920929, 0.800000011920929, 0.800000011920929],
		"colorSpecular" : [0.5, 0.5, 0.5],
		"depthTest" : true,
		"depthWrite" : true,
		"shading" : "Lambert",
		"specularCoef" : 50,
		"transparency" : 1.0,
		"transparent" : false,
		"vertexColors" : false
	}],

	"vertices" : [-3.6576,0.9144,0.4572,3.6576,-1.524,0.4572,-3.6576,-1.524,0.4572,3.6576,0.9144,0.4572,3.6576,0.9144,0.4572,-3.6576,0.9144,0.4572,3.6576,-1.524,0.4572,-3.6576,-1.524,0.4572,3.6576,0.9144,-0.762,3.6576,-1.524,0.4572,3.6576,0.9144,0.4572,3.6576,-1.524,-0.762,3.6576,-1.524,-0.762,3.6576,0.9144,-0.762,3.6576,-1.524,0.4572,3.6576,0.9144,0.4572,-3.6576,-1.524,-0.762,-3.6576,0.9144,0.4572,-3.6576,-1.524,0.4572,-3.6576,0.9144,-0.762,-3.6576,0.9144,-0.762,-3.6576,-1.524,-0.762,-3.6576,0.9144,0.4572,-3.6576,-1.524,0.4572,3.6576,0.9144,-0.762,-3.6576,0.9144,0.4572,-3.6576,0.9144,-0.762,3.6576,0.9144,0.4572,3.6576,0.9144,0.4572,3.6576,0.9144,-0.762,-3.6576,0.9144,0.4572,-3.6576,0.9144,-0.762],

	"morphTargets" : [],

	"normals" : [0,0,-1,0,0,1,-1,0,0,1,0,0,0,-1,0,0,1,0],

	"colors" : [],

	"uvs" : [[-689.168,73.1429,-853.74,0,-689.168,0,-853.74,73.1429,0,0],[0,0,-0,73.1429,27.4286,0,27.4286,73.1429],[0,0,-27.4286,73.1429,-27.4286,0,0,73.1429],[0,0,-853.74,-36.5714,-853.74,0,-689.168,-36.5714,-689.168,0]],

	"faces" : [42,0,1,2,0,0,1,2,0,0,0,0,0,0,0,0,0,0,0,0,42,1,0,3,0,1,0,3,0,0,0,0,0,0,0,0,0,0,0,0,42,4,5,6,1,3,0,1,0,0,0,0,0,0,0,0,0,1,1,1,42,7,6,5,1,2,1,0,0,0,0,0,0,0,0,0,0,1,1,1,42,8,9,10,0,4,4,4,1,2,3,0,0,0,0,0,0,2,2,2,42,9,8,11,0,4,4,4,2,1,0,0,0,0,0,0,0,2,2,2,42,12,13,14,0,4,4,4,0,1,2,0,0,0,0,0,0,3,3,3,42,15,14,13,0,4,4,4,3,2,1,0,0,0,0,0,0,3,3,3,42,16,17,18,0,4,4,4,0,0,0,0,1,2,0,0,0,3,3,3,42,17,16,19,0,4,4,4,0,0,0,1,0,3,0,0,0,3,3,3,42,20,21,22,0,4,4,4,0,0,0,3,0,1,0,0,0,2,2,2,42,23,22,21,0,4,4,4,0,0,0,2,1,0,0,0,0,2,2,2,42,24,25,26,2,4,4,4,0,0,0,0,0,0,0,0,0,4,4,4,42,25,24,27,2,4,4,4,0,0,0,0,0,0,0,0,0,4,4,4,42,28,29,30,0,4,4,4,0,0,0,0,0,0,1,2,3,5,5,5,42,31,30,29,0,4,4,4,0,0,0,0,0,0,4,3,2,5,5,5],

	"bones" : [],

	"skinIndices" : [],

	"skinWeights" : [],

	"animations" : []


}
